{
  "project_info": {
    "project_number": "81534915334",
    "firebase_url": "https://mapchat-98c31.firebaseio.com",
    "project_id": "mapchat-98c31",
    "storage_bucket": "mapchat-98c31.appspot.com"
  },
  "client": [
    {
      "client_info": {
        "mobilesdk_app_id": "1:81534915334:android:3721e2ee77f11e99",
        "android_client_info": {
          "package_name": "kr.co.mapchat"
        }
      },
      "oauth_client": [
        {
          "client_id": "81534915334-35nj10srdvkreq7r1k2tr75rtue549n5.apps.googleusercontent.com",
          "client_type": 3
        }
      ],
      "api_key": [
        {
          "current_key": "AIzaSyDhF7uHkpL_-5rEY8i_I_HdLc_OT4Uw46s"
        }
      ],
      "services": {
        "analytics_service": {
          "status": 1
        },
        "appinvite_service": {
          "status": 1,
          "other_platform_oauth_client": []
        },
        "ads_service": {
          "status": 2
        }
      }
    }
  ],
  "configuration_version": "1"
}